{
  "jobs": [
    {
      "jobTitle": "React Developer",
      "companyName": "Cognizant",
      "minExperience": "4",
      "maxExperience": "9",
      "minSalary": "1,00,000",
      "maxSalary": "3,00,000",
      "location": "Bengaluru",
      "id": 1
    },
    {
      "jobTitle": "PHP Developer",
      "companyName": "TCS",
      "minExperience": "10",
      "maxExperience": "12",
      "minSalary": "3,00,000",
      "maxSalary": "4,00,000",
      "location": "Chennai",
      "id": 2
    },
    {
      "jobTitle": "Java Developer",
      "companyName": "Wipro",
      "minExperience": "4",
      "maxExperience": "6",
      "minSalary": "4,50,000",
      "maxSalary": "6,00,000",
      "location": "Kolkata",
      "id": 3
    },
    {
      "jobTitle": "Java Developer",
      "companyName": "Infosys",
      "minExperience": "8",
      "maxExperience": "9",
      "minSalary": "3,70,000",
      "maxSalary": "4,00,000",
      "location": "Kolkata",
      "id": 4
    },
    {
      "jobTitle": "Android Developer",
      "companyName": "Accenture",
      "minExperience": "5",
      "maxExperience": "7",
      "minSalary": "6,00,000",
      "maxSalary": "8,00,000",
      "location": "Kolkata",
      "id": 5
    },
    {
      "jobTitle": "Java Developer",
      "companyName": "Capgemini",
      "minExperience": "14",
      "maxExperience": "19",
      "minSalary": "30,00,000",
      "maxSalary": "3,50,000",
      "location": "Kolkata",
      "id": 6
    },
    {
      "jobTitle": "iOS Developer",
      "companyName": "Wipro",
      "minExperience": "0",
      "maxExperience": "2",
      "minSalary": "2,00,000",
      "maxSalary": "4,00,000",
      "location": "Kolkata",
      "id": 7
    },
    {
      "jobTitle": ".Net Developer",
      "companyName": "Wipro",
      "minExperience": "1",
      "maxExperience": "5",
      "minSalary": "3,00,000",
      "maxSalary": "4,00,000",
      "location": "Kolkata",
      "id": 8
    },
    {
      "jobTitle": "AWS DevOps",
      "companyName": "Amazon",
      "minExperience": "5",
      "maxExperience": "7",
      "minSalary": "30,00,000",
      "maxSalary": "40,00,000",
      "location": "Kochi",
      "id": 9
    },
    {
      "jobTitle": "Azure DevOps",
      "companyName": "Microsoft",
      "minExperience": "10",
      "maxExperience": "15",
      "minSalary": "10,00,000",
      "maxSalary": "15,00,000",
      "location": "Mumbai",
      "id": 10
    },
    {
      "jobTitle": "Automation Test Engineer",
      "companyName": "Cognizant",
      "minExperience": "1",
      "maxExperience": "3",
      "minSalary": "7,00,000",
      "maxSalary": "9,00,000",
      "location": "Bengaluru",
      "id": 11
    }
  ],
  "applyJobs": [
    {
      "applicantName": "ytr",
      "email": "ytr@h.com",
      "address": "",
      "experience": "ererererer",
      "contact": "4433443344",
      "jobId": "1",
      "jobTitle": "React Developer",
      "jobLocation": "Bengaluru",
      "companyName": "Cognizant",
      "id": 1
    }
  ]
}